{"cameraMode":{"drawMode":0,"name":"Shaded","section":"Shading Mode"},"sceneLighting":true,"audioPlay":false,"sceneViewState":{"showFog":true,"showMaterialUpdate":false,"showSkybox":true,"showFlares":true,"showImageEffects":true,"showParticleSystems":true},"in2DMode":false,"pivot":{"x":13.028511047363282,"y":8.706719398498536,"z":5.973003387451172},"rotation":{"x":0.5874485969543457,"y":-0.003639408852905035,"z":0.0026467679999768736,"w":0.809266984462738},"size":7.222377300262451,"orthographic":false}